id,rank,title,score,genre,episodes,members,rating
8150,10002,b'Gegege no Kitarou: Chisougan',5.71,"['Adventure', 'Comedy', 'Fantasy', 'Horror', 'Supernatural']",1,"1,018","{10: 9, 9: 9, 8: 23, 7: 53, 6: 78, 5: 68, 4: 29, 3: 12, 2: 8, 1: 20}"
35286,10003,b'Henkei Shoujo',5.71,['Sci-Fi'],5,"27,173","{10: 2060, 9: 323, 8: 606, 7: 1126, 6: 1653, 5: 1968, 4: 1175, 3: 883, 2: 760, 1: 961}"
35628,10004,b'Honoo no Alpenrose: Ai no Symphony Ongaku-hen',5.71,"['Drama', 'Romance', 'Historical', 'Music', 'Shoujo']",1,511,"{10: 121, 9: 1, 8: 1, 7: 12, 6: 9, 5: 19, 4: 8, 3: 2, 2: 3, 1: 9}"
6071,10005,b'Juuippiki no Neko',5.71,['Fantasy'],1,925,"{10: 10, 9: 10, 8: 23, 7: 24, 6: 52, 5: 46, 4: 46, 3: 11, 2: 6, 1: 16}"
52562,10006,"b'Kanojo, Okarishimasu Petit 2nd Season'",5.71,['Comedy'],12,"3,595","{10: 80, 9: 20, 8: 50, 7: 76, 6: 193, 5: 183, 4: 59, 3: 44, 2: 26, 1: 36}"
49780,10007,b'Atasha Kawashiri Kodama da yo: Dangerous Lifehacker no Tadareta Seikatsu',5.70,['Comedy'],24,"8,054","{10: 162, 9: 105, 8: 225, 7: 462, 6: 744, 5: 717, 4: 378, 3: 201, 2: 147, 1: 128}"
37584,10008,b'Bakumatsu',5.70,"['Action', 'Historical', 'Samurai']",12,"23,373","{10: 156, 9: 138, 8: 377, 7: 805, 6: 1077, 5: 1049, 4: 697, 3: 418, 2: 210, 1: 162}"
10039,10009,b'Chinpui Specials',5.70,['Comedy'],2,390,"{10: 8, 9: 1, 8: 6, 7: 19, 6: 29, 5: 23, 4: 13, 3: 10, 2: 3, 1: 10}"
8490,10010,b'Digimon Adventure 3D: Digimon Grand Prix!',5.70,"['Action', 'Adventure', 'Comedy', 'Fantasy', 'Sports', 'Parody', 'Kids']",1,"8,287","{10: 269, 9: 150, 8: 307, 7: 569, 6: 746, 5: 698, 4: 381, 3: 212, 2: 178, 1: 163}"
30453,10011,b'Dr. Slump: Arale-chan Ayaya!? Penguin Mura de TV Jack',5.70,"['Comedy', 'Sci-Fi', 'Gag Humor', 'Shounen']",1,892,"{10: 7, 9: 10, 8: 9, 7: 18, 6: 50, 5: 52, 4: 12, 3: 9, 2: 5, 1: 18}"
23409,10012,b'Duel Masters VS',5.70,"['Action', 'Adventure', 'Comedy', 'Fantasy', 'Kids']",49,"1,181","{10: 29, 9: 13, 8: 22, 7: 34, 6: 55, 5: 48, 4: 18, 3: 23, 2: 15, 1: 20}"
36166,10013,b'Fireball Humorous',5.70,"['Comedy', 'Sci-Fi']",3,"3,399","{10: 61, 9: 26, 8: 103, 7: 217, 6: 290, 5: 209, 4: 101, 3: 79, 2: 46, 1: 52}"
8493,10014,b'Gegege no Kitarou: Kitarou no Yuurei Densha',5.70,"['Adventure', 'Supernatural', 'Mythology', 'Super Power']",1,867,"{10: 11, 9: 8, 8: 14, 7: 30, 6: 34, 5: 31, 4: 22, 3: 12, 2: 7, 1: 18}"
24677,10015,b'Gegege no Kitarou: Kitarou Tanjou-hen',5.70,['Supernatural'],1,508,"{10: 7, 9: 4, 8: 9, 7: 22, 6: 21, 5: 23, 4: 14, 3: 6, 2: 5, 1: 11}"
22455,10016,b'Hello Kitty no Circus ga Yatte Kita',5.70,"['Fantasy', 'Kids']",1,499,"{10: 16, 9: 3, 8: 10, 7: 24, 6: 39, 5: 22, 4: 8, 3: 11, 2: 11, 1: 7}"
17953,10017,b'Hello Kitty no London ni Orita Uchuujin',5.70,['Kids'],1,443,"{10: 13, 9: 5, 8: 4, 7: 20, 6: 23, 5: 21, 4: 11, 3: 14, 2: 6, 1: 7}"
3390,10018,b'Hoshi no Umi no Amuri',5.70,"['Adventure', 'Fantasy', 'Sci-Fi']",3,"3,501","{10: 38, 9: 52, 8: 118, 7: 186, 6: 190, 5: 178, 4: 131, 3: 71, 2: 47, 1: 47}"
1220,10019,b'Hoshizora Kiseki',5.70,"['Romance', 'Sci-Fi']",1,"11,749","{10: 84, 9: 150, 8: 431, 7: 918, 6: 1200, 5: 1015, 4: 548, 3: 316, 2: 163, 1: 64}"
9172,10020,b'Kaitei Sanman Mile',5.70,"['Adventure', 'Fantasy']",1,901,"{10: 13, 9: 16, 8: 21, 7: 37, 6: 82, 5: 58, 4: 44, 3: 24, 2: 9, 1: 8}"
32816,10021,b'Teekyuu 6 Specials',5.70,"['Comedy', 'Sports', 'Shounen']",2,"3,896","{10: 74, 9: 49, 8: 105, 7: 301, 6: 437, 5: 383, 4: 185, 3: 82, 2: 49, 1: 55}"
9794,10022,b'Tono to Issho 1.5',5.70,"['Comedy', 'Historical', 'Parody', 'Samurai', 'Seinen']",1,770,"{10: 15, 9: 5, 8: 14, 7: 44, 6: 49, 5: 40, 4: 26, 3: 16, 2: 7, 1: 10}"
7248,10023,b'Top wo Nerae! Gunbuster Specials',5.70,"['Mecha', 'Space']",3,"6,439","{10: 76, 9: 56, 8: 164, 7: 410, 6: 659, 5: 669, 4: 215, 3: 120, 2: 72, 1: 43}"
38667,10024,"b""W'z: Hand Shakers with W'z""",5.70,"['Action', 'Music']",1,"2,754","{10: 51, 9: 31, 8: 68, 7: 143, 6: 176, 5: 142, 4: 58, 3: 48, 2: 58, 1: 43}"
37387,10025,b'Wata no Kuni Hoshi Pilot',5.70,"['Fantasy', 'Pets', 'Shoujo']",1,654,"{10: 12, 9: 1, 8: 9, 7: 42, 6: 70, 5: 49, 4: 16, 3: 10, 2: 5, 1: 14}"
30985,10026,b'Yamakoshi Mura no Mari to Sanbiki no Koinu',5.70,"['Drama', 'Kids']",1,443,"{10: 7, 9: 4, 8: 5, 7: 12, 6: 20, 5: 55, 4: 9, 3: 7, 2: 3, 1: 7}"
17871,10027,b'Yonhyaku-nijuu Renpai Girl',5.70,"['Comedy', 'Romance', 'School']",1,"5,736","{10: 118, 9: 61, 8: 148, 7: 364, 6: 464, 5: 498, 4: 182, 3: 104, 2: 87, 1: 80}"
7625,10028,b'Yousei Dick',5.70,"['Fantasy', 'Kids']",26,691,"{10: 35, 9: 5, 8: 10, 7: 16, 6: 7, 5: 16, 4: 9, 3: 10, 2: 44, 1: 13}"
50607,10029,b'Yu\xe2\x98\x86Gi\xe2\x98\x86Oh! Go Rush!!',5.70,"['Action', 'Fantasy', 'Strategy Game']",?,"4,866","{10: 95, 9: 44, 8: 54, 7: 98, 6: 142, 5: 127, 4: 59, 3: 41, 2: 49, 1: 72}"
12767,10030,b'Yuusei Kamen',5.70,['Sci-Fi'],39,646,"{10: 13, 9: 6, 8: 6, 7: 11, 6: 19, 5: 33, 4: 8, 3: 44, 2: 6, 1: 13}"
17987,10031,b'Kero Kero Keroppi no Robin Hood',5.70,"['Fantasy', 'Kids']",1,512,"{10: 15, 9: 3, 8: 13, 7: 22, 6: 33, 5: 34, 4: 18, 3: 9, 2: 4, 1: 12}"
5928,10032,b'Kigyou Senshi Yamazaki: Long Distance Call',5.70,"['Drama', 'Sci-Fi', 'Seinen']",1,"1,237","{10: 12, 9: 12, 8: 17, 7: 74, 6: 117, 5: 76, 4: 52, 3: 32, 2: 7, 1: 11}"
31769,10033,b'Kojiki: Hyuuga-hen',5.70,['Historical'],1,481,"{10: 8, 9: 6, 8: 7, 7: 36, 6: 59, 5: 54, 4: 20, 3: 11, 2: 6, 1: 14}"
40757,10034,b'Latina no Nikki',5.70,['Slice of Life'],77,835,"{10: 32, 9: 4, 8: 14, 7: 31, 6: 52, 5: 54, 4: 9, 3: 8, 2: 8, 1: 8}"
3259,10035,b'Lemon Angel (1988)',5.70,['Ecchi'],9,"1,912","{10: 27, 9: 20, 8: 17, 7: 69, 6: 80, 5: 79, 4: 56, 3: 37, 2: 7, 1: 31}"
34367,10036,b'Long Riders! Recap',5.70,"['Comedy', 'Slice of Life', 'Sports', 'CGDCT', 'Shounen']",1,"1,600","{10: 40, 9: 17, 8: 26, 7: 68, 6: 119, 5: 127, 4: 49, 3: 24, 2: 13, 1: 26}"
1620,10037,b'Maps',5.70,"['Action', 'Adventure', 'Comedy', 'Sci-Fi', 'Space', 'Shounen']",4,"2,573","{10: 22, 9: 31, 8: 50, 7: 153, 6: 191, 5: 186, 4: 99, 3: 52, 2: 19, 1: 13}"
36298,10038,b'Robot Girls Z: Fukkatsu no Chika Teikoku!? Robot Girls Z vs. Nazo no Sandai Shuyaku Robo!',5.70,"['Comedy', 'Mecha', 'Parody']",1,"1,052","{10: 14, 9: 9, 8: 10, 7: 34, 6: 45, 5: 41, 4: 23, 3: 14, 2: 7, 1: 13}"
54024,10039,b'Samurai Mac',5.70,"['Gourmet', 'Suspense', 'Adult Cast', 'Samurai', 'Survival']",1,438,"{10: 28, 9: 2, 8: 9, 7: 31, 6: 63, 5: 68, 4: 16, 3: 7, 2: 3, 1: 12}"
12907,10040,b'Sekiei Ayakashi Mangatan',5.70,"['Fantasy', 'Supernatural', 'Historical', 'Visual Arts']",3,"3,708","{10: 43, 9: 50, 8: 115, 7: 359, 6: 458, 5: 441, 4: 188, 3: 94, 2: 57, 1: 30}"
8041,10041,b'Sennin Buraku',5.70,"['Comedy', 'Ecchi']",23,"1,058","{10: 13, 9: 8, 8: 9, 7: 31, 6: 50, 5: 48, 4: 27, 3: 15, 2: 18, 1: 25}"
34048,10042,b'Seoul-yeok',5.70,"['Horror', 'Suspense']",1,"7,833","{10: 98, 9: 134, 8: 328, 7: 649, 6: 810, 5: 628, 4: 363, 3: 186, 2: 147, 1: 133}"
25441,10043,b'Shin Strange+ Special',5.70,"['Comedy', 'Slice of Life', 'Josei']",1,"1,984","{10: 29, 9: 14, 8: 32, 7: 67, 6: 97, 5: 93, 4: 39, 3: 24, 2: 16, 1: 28}"
35255,10044,b'Soutai Sekai',5.70,['Sci-Fi'],2,"8,155","{10: 96, 9: 57, 8: 202, 7: 405, 6: 582, 5: 463, 4: 238, 3: 125, 2: 83, 1: 71}"
2727,10045,b'Sweet Valerian',5.70,"['Action', 'Comedy', 'School']",18,"3,232","{10: 34, 9: 32, 8: 74, 7: 200, 6: 255, 5: 216, 4: 119, 3: 70, 2: 33, 1: 36}"
39841,10046,b'Kyoei Tankou-sho',5.69,"['Sci-Fi', 'Mecha']",1,311,"{10: 2, 9: 1, 8: 6, 7: 19, 6: 31, 5: 36, 4: 9, 3: 7, 2: 3, 1: 11}"
9043,10047,b'Majuu Sensen',5.69,"['Action', 'Fantasy']",3,"1,527","{10: 7, 9: 11, 8: 24, 7: 48, 6: 54, 5: 67, 4: 15, 3: 24, 2: 20, 1: 13}"
31165,10048,b'Meiji x Kokosake & anohana Receipt Oubo Campaign',5.69,['Drama'],2,"9,594","{10: 199, 9: 101, 8: 183, 7: 316, 6: 590, 5: 787, 4: 212, 3: 126, 2: 109, 1: 82}"
51685,10049,b'My Daughter is a Zombie',5.69,"['Comedy', 'Supernatural', 'Gag Humor']",26,"3,851","{10: 20, 9: 12, 8: 11, 7: 20, 6: 23, 5: 9, 4: 12, 3: 12, 2: 15, 1: 15}"
53327,10050,b'Nanjamo no Aibou wa Nanimono nanja!? (Donna Monja TV)',5.69,['Kids'],2,437,"{10: 8, 9: 7, 8: 12, 7: 30, 6: 44, 5: 43, 4: 19, 3: 10, 2: 9, 1: 8}"
51870,10051,"b'Pokemon de Manabi, Asobu'",5.69,"['Comedy', 'Educational', 'Kids']",8,512,"{10: 16, 9: 5, 8: 3, 7: 21, 6: 39, 5: 33, 4: 18, 3: 14, 2: 3, 1: 13}"
27451,10052,b'Porong Porong Pororo 2',5.69,['Kids'],52,513,"{10: 13, 9: 6, 8: 17, 7: 26, 6: 29, 5: 53, 4: 19, 3: 9, 2: 8, 1: 13}"
8231,10053,b'Princess Lover!: Magical Knight Maria-chan',5.69,['Parody'],6,"10,308","{10: 237, 9: 131, 8: 282, 7: 573, 6: 869, 5: 894, 4: 392, 3: 190, 2: 164, 1: 144}"
32385,10054,b'Project HAL',5.69,"['Action', 'Mecha']",3,728,"{10: 11, 9: 6, 8: 8, 7: 48, 6: 65, 5: 62, 4: 23, 3: 9, 2: 7, 1: 17}"
12135,10055,b'Ra/Radio Noise*Planet',5.69,"['Adventure', 'Sci-Fi', 'Psychological']",1,"1,036","{10: 13, 9: 4, 8: 35, 7: 70, 6: 129, 5: 123, 4: 39, 3: 16, 2: 9, 1: 14}"
35835,10056,b'RErideD: Tokigoe no Derrida',5.69,"['Action', 'Drama', 'Sci-Fi']",12,"39,296","{10: 322, 9: 339, 8: 964, 7: 2179, 6: 2875, 5: 2351, 4: 1440, 3: 855, 2: 488, 1: 336}"
21771,10057,b'Romantica Clock',5.69,['Shoujo'],3,"13,258","{10: 225, 9: 230, 8: 497, 7: 1115, 6: 1596, 5: 1562, 4: 635, 3: 380, 2: 209, 1: 172}"
27451,10052,b'Porong Porong Pororo 2',5.69,['Kids'],52,513,"{10: 13, 9: 6, 8: 17, 7: 26, 6: 29, 5: 53, 4: 19, 3: 9, 2: 8, 1: 13}"
8231,10053,b'Princess Lover!: Magical Knight Maria-chan',5.69,['Parody'],6,"10,308","{10: 237, 9: 131, 8: 282, 7: 573, 6: 869, 5: 894, 4: 392, 3: 190, 2: 164, 1: 144}"
32385,10054,b'Project HAL',5.69,"['Action', 'Mecha']",3,728,"{10: 11, 9: 6, 8: 8, 7: 48, 6: 65, 5: 62, 4: 23, 3: 9, 2: 7, 1: 17}"
12135,10055,b'Ra/Radio Noise*Planet',5.69,"['Adventure', 'Sci-Fi', 'Psychological']",1,"1,036","{10: 13, 9: 4, 8: 35, 7: 70, 6: 129, 5: 123, 4: 39, 3: 16, 2: 9, 1: 14}"
35835,10056,b'RErideD: Tokigoe no Derrida',5.69,"['Action', 'Drama', 'Sci-Fi']",12,"39,296","{10: 322, 9: 339, 8: 964, 7: 2179, 6: 2875, 5: 2351, 4: 1440, 3: 855, 2: 488, 1: 336}"
21771,10057,b'Romantica Clock',5.69,['Shoujo'],3,"13,258","{10: 225, 9: 230, 8: 497, 7: 1115, 6: 1596, 5: 1562, 4: 635, 3: 380, 2: 209, 1: 172}"
27451,10052,b'Porong Porong Pororo 2',5.69,['Kids'],52,513,"{10: 13, 9: 6, 8: 17, 7: 26, 6: 29, 5: 53, 4: 19, 3: 9, 2: 8, 1: 13}"
8231,10053,b'Princess Lover!: Magical Knight Maria-chan',5.69,['Parody'],6,"10,308","{10: 237, 9: 131, 8: 282, 7: 573, 6: 869, 5: 894, 4: 392, 3: 190, 2: 164, 1: 144}"
32385,10054,b'Project HAL',5.69,"['Action', 'Mecha']",3,728,"{10: 11, 9: 6, 8: 8, 7: 48, 6: 65, 5: 62, 4: 23, 3: 9, 2: 7, 1: 17}"
12135,10055,b'Ra/Radio Noise*Planet',5.69,"['Adventure', 'Sci-Fi', 'Psychological']",1,"1,036","{10: 13, 9: 4, 8: 35, 7: 70, 6: 129, 5: 123, 4: 39, 3: 16, 2: 9, 1: 14}"
35835,10056,b'RErideD: Tokigoe no Derrida',5.69,"['Action', 'Drama', 'Sci-Fi']",12,"39,296","{10: 322, 9: 339, 8: 964, 7: 2179, 6: 2875, 5: 2351, 4: 1440, 3: 855, 2: 488, 1: 336}"
21771,10057,b'Romantica Clock',5.69,['Shoujo'],3,"13,258","{10: 225, 9: 230, 8: 497, 7: 1115, 6: 1596, 5: 1562, 4: 635, 3: 380, 2: 209, 1: 172}"
27451,10052,b'Porong Porong Pororo 2',5.69,['Kids'],52,513,"{10: 13, 9: 6, 8: 17, 7: 26, 6: 29, 5: 53, 4: 19, 3: 9, 2: 8, 1: 13}"
8231,10053,b'Princess Lover!: Magical Knight Maria-chan',5.69,['Parody'],6,"10,308","{10: 237, 9: 131, 8: 282, 7: 573, 6: 869, 5: 894, 4: 392, 3: 190, 2: 164, 1: 144}"
32385,10054,b'Project HAL',5.69,"['Action', 'Mecha']",3,728,"{10: 11, 9: 6, 8: 8, 7: 48, 6: 65, 5: 62, 4: 23, 3: 9, 2: 7, 1: 17}"
12135,10055,b'Ra/Radio Noise*Planet',5.69,"['Adventure', 'Sci-Fi', 'Psychological']",1,"1,036","{10: 13, 9: 4, 8: 35, 7: 70, 6: 129, 5: 123, 4: 39, 3: 16, 2: 9, 1: 14}"
35835,10056,b'RErideD: Tokigoe no Derrida',5.69,"['Action', 'Drama', 'Sci-Fi']",12,"39,296","{10: 322, 9: 339, 8: 964, 7: 2179, 6: 2875, 5: 2351, 4: 1440, 3: 855, 2: 488, 1: 336}"
21771,10057,b'Romantica Clock',5.69,['Shoujo'],3,"13,258","{10: 225, 9: 230, 8: 497, 7: 1115, 6: 1596, 5: 1562, 4: 635, 3: 380, 2: 209, 1: 172}"
27451,10052,b'Porong Porong Pororo 2',5.69,['Kids'],52,513,"{10: 13, 9: 6, 8: 17, 7: 26, 6: 29, 5: 53, 4: 19, 3: 9, 2: 8, 1: 13}"
8231,10053,b'Princess Lover!: Magical Knight Maria-chan',5.69,['Parody'],6,"10,308","{10: 237, 9: 131, 8: 282, 7: 573, 6: 869, 5: 894, 4: 392, 3: 190, 2: 164, 1: 144}"
32385,10054,b'Project HAL',5.69,"['Action', 'Mecha']",3,728,"{10: 11, 9: 6, 8: 8, 7: 48, 6: 65, 5: 62, 4: 23, 3: 9, 2: 7, 1: 17}"
12135,10055,b'Ra/Radio Noise*Planet',5.69,"['Adventure', 'Sci-Fi', 'Psychological']",1,"1,036","{10: 13, 9: 4, 8: 35, 7: 70, 6: 129, 5: 123, 4: 39, 3: 16, 2: 9, 1: 14}"
35835,10056,b'RErideD: Tokigoe no Derrida',5.69,"['Action', 'Drama', 'Sci-Fi']",12,"39,296","{10: 322, 9: 339, 8: 964, 7: 2179, 6: 2875, 5: 2351, 4: 1440, 3: 855, 2: 488, 1: 336}"
21771,10057,b'Romantica Clock',5.69,['Shoujo'],3,"13,258","{10: 225, 9: 230, 8: 497, 7: 1115, 6: 1596, 5: 1562, 4: 635, 3: 380, 2: 209, 1: 172}"
37446,10082,b'Hyakuren no Haou to Seiyaku no Valkyria',5.69,"['Fantasy', 'Harem', 'Isekai']",12,"183,509","{10: 3133, 9: 3114, 8: 7639, 7: 15655, 6: 18415, 5: 14122, 4: 9427, 3: 5691, 2: 4506, 1: 4872}"
33473,10083,b'Tokyo Futago Athletic',5.69,"['Comedy', 'Sports']",8,564,"{10: 39, 9: 5, 8: 6, 7: 17, 6: 15, 5: 11, 4: 11, 3: 7, 2: 9, 1: 21}"
33941,10084,b'Towel Story',5.69,['Slice of Life'],4,483,"{10: 15, 9: 6, 8: 8, 7: 41, 6: 59, 5: 51, 4: 17, 3: 16, 2: 7, 1: 17}"
41296,10085,b'Valhait Rising: Kandou e.',5.69,"['Action', 'Adventure', 'Fantasy', 'Strategy Game']",1,505,"{10: 2, 9: 3, 8: 20, 7: 32, 6: 68, 5: 57, 4: 22, 3: 7, 2: 10, 1: 8}"
35332,10086,b'World Fool News (TV) Part II',5.69,"['Comedy', 'Slice of Life', 'Workplace']",12,"1,132","{10: 11, 9: 13, 8: 33, 7: 83, 6: 103, 5: 86, 4: 46, 3: 35, 2: 21, 1: 27}"
1973,10087,b'X Densha de Ikou',5.69,"['Avant Garde', 'Mystery', 'Supernatural']",1,"3,701","{10: 34, 9: 40, 8: 130, 7: 280, 6: 317, 5: 235, 4: 190, 3: 76, 2: 43, 1: 51}"
37391,10088,b'Xi Yangyang Yu Hui Tailang: Fei Ma Qi Yu Ji',5.69,"['Adventure', 'Comedy', 'Kids']",1,310,"{10: 9, 9: 1, 8: 5, 7: 8, 6: 20, 5: 13, 4: 5, 3: 5, 2: 38, 1: 10}"
7314,10089,b'Yona Yona Penguin',5.69,"['Adventure', 'Fantasy', 'Kids']",1,"1,222","{10: 14, 9: 20, 8: 30, 7: 64, 6: 87, 5: 83, 4: 41, 3: 68, 2: 15, 1: 19}"
50064,10090,b'Yukidoke wo Kiite',5.69,['Music'],1,238,"{10: 1, 9: 3, 8: 6, 7: 15, 6: 35, 5: 23, 4: 8, 3: 7, 2: 5, 1: 8}"
6641,10091,b'Tonari no 801-chan R',5.68,"['Comedy', 'Music']",1,"3,152","{10: 44, 9: 36, 8: 101, 7: 249, 6: 353, 5: 307, 4: 140, 3: 70, 2: 55, 1: 35}"
37082,10092,b'Uchuu Senkan Yamato Pilot Film',5.68,"['Sci-Fi', 'Adult Cast', 'Military', 'Space']",1,"1,209","{10: 16, 9: 4, 8: 18, 7: 62, 6: 81, 5: 94, 4: 21, 3: 21, 2: 7, 1: 16}"
37392,10093,b'Xi Yangyang Yu Hui Tailang: Yang Nian Xi Yangyang',5.68,"['Adventure', 'Comedy', 'Kids']",1,309,"{10: 11, 9: 4, 8: 4, 7: 10, 6: 18, 5: 11, 4: 6, 3: 9, 2: 36, 1: 11}"
40816,10094,b'Zenbu Wakatteru',5.68,['Avant Garde'],1,341,"{10: 4, 9: 1, 8: 5, 7: 24, 6: 45, 5: 71, 4: 11, 3: 9, 2: 1, 1: 11}"
28959,10095,b'Kizuna (Special)',5.68,"['Drama', 'Romance', 'Slice of Life']",1,879,"{10: 9, 9: 15, 8: 33, 7: 78, 6: 114, 5: 140, 4: 45, 3: 19, 2: 12, 1: 16}"
12237,10096,b'Koi-ken!: Watashitachi Anime ni Nacchatta!',5.68,"['Ecchi', 'Idols (Female)', 'Music']",12,"5,402","{10: 57, 9: 41, 8: 130, 7: 269, 6: 375, 5: 369, 4: 169, 3: 101, 2: 44, 1: 43}"
6571,10097,b'Koume-chan ga Iku!',5.68,"['Comedy', 'Romance', 'Slice of Life']",12,"1,389","{10: 9, 9: 3, 8: 15, 7: 50, 6: 78, 5: 80, 4: 30, 3: 6, 2: 10, 1: 11}"
38378,10098,b'Lei Su Deng Shandian Chong Xian 2',5.68,"['Racing', 'Kids']",40,464,"{10: 22, 9: 9, 8: 21, 7: 31, 6: 34, 5: 36, 4: 13, 3: 17, 2: 14, 1: 15}"
2308,10099,b'Lime-iro Ryuukitan X',5.68,"['Drama', 'Supernatural', 'Ecchi', 'Harem', 'Historical', 'Mecha']",13,"4,653","{10: 66, 9: 66, 8: 62, 7: 129, 6: 189, 5: 177, 4: 102, 3: 79, 2: 59, 1: 54}"
39621,10100,b'Mahou no LumiTear',5.68,"['Fantasy', 'Shoujo']",10,636,"{10: 123, 9: 2, 8: 1, 7: 9, 6: 20, 5: 18, 4: 8, 3: 15, 2: 5, 1: 16}"
8162,10101,b'Mugen Shinshi: Bouken Katsugeki-hen',5.68,"['Fantasy', 'Horror', 'Mystery']",1,"1,546","{10: 36, 9: 31, 8: 31, 7: 55, 6: 106, 5: 117, 4: 92, 3: 39, 2: 15, 1: 17}"
5085,10102,b'Nakedyouth',5.68,"['Boys Love', 'Romance', 'Slice of Life', 'Sports']",1,"7,752","{10: 102, 9: 173, 8: 410, 7: 674, 6: 806, 5: 652, 4: 344, 3: 203, 2: 134, 1: 239}"
5260,10103,b'Pankunchi',5.68,"['Adventure', 'Anthropomorphic', 'Kids']",10,478,"{10: 9, 9: 10, 8: 8, 7: 13, 6: 20, 5: 36, 4: 27, 3: 8, 2: 18, 1: 8}"
51886,10104,b'Pokemon-tachi to Asobou!',5.68,['Kids'],1,536,"{10: 13, 9: 11, 8: 5, 7: 18, 6: 37, 5: 49, 4: 23, 3: 10, 2: 6, 1: 13}"
48492,10105,b'Scarlet Nexus',5.68,"['Action', 'Sci-Fi', 'Military', 'Super Power']",26,"90,036","{10: 1075, 9: 742, 8: 1741, 7: 3848, 6: 5042, 5: 4735, 4: 3185, 3: 1722, 2: 1032, 1: 755}"
33318,10106,b'Scripta Volant',5.68,"['Avant Garde', 'Drama']",1,275,"{10: 8, 9: 4, 8: 12, 7: 14, 6: 23, 5: 26, 4: 13, 3: 8, 2: 5, 1: 14}"
31238,10107,b'Stitch! Perfect Memory',5.68,"['Adventure', 'Comedy', 'Sci-Fi', 'Kids']",1,645,"{10: 11, 9: 3, 8: 9, 7: 27, 6: 35, 5: 49, 4: 14, 3: 17, 2: 4, 1: 7}"
3863,10108,b'Sweet Valerian Specials',5.68,['Comedy'],8,"1,086","{10: 20, 9: 11, 8: 37, 7: 75, 6: 128, 5: 94, 4: 43, 3: 38, 2: 13, 1: 19}"
48313,10109,b'11-gatsu Umare no Otokonoko no Tame ni.',5.68,['Slice of Life'],1,255,"{10: 5, 9: 2, 8: 3, 7: 13, 6: 25, 5: 34, 4: 12, 3: 5, 2: 2, 1: 10}"
44590,10110,b'Adachi to Shimamura Mini Anime',5.68,['Comedy'],30,"1,661","{10: 42, 9: 13, 8: 29, 7: 61, 6: 110, 5: 165, 4: 58, 3: 20, 2: 7, 1: 24}"
22603,10111,b'Ahiru no Pekkle no Sindbad no Bouken',5.68,"['Adventure', 'Fantasy', 'Kids']",1,616,"{10: 13, 9: 10, 8: 20, 7: 23, 6: 25, 5: 43, 4: 17, 3: 15, 2: 10, 1: 13}"
5053,10112,b'Ai City',5.68,"['Action', 'Sci-Fi', 'Super Power']",1,"6,504","{10: 49, 9: 62, 8: 216, 7: 390, 6: 507, 5: 417, 4: 273, 3: 146, 2: 61, 1: 56}"
25965,10113,b'Backkom 2',5.68,"['Comedy', 'Kids']",52,855,"{10: 31, 9: 17, 8: 28, 7: 57, 6: 103, 5: 80, 4: 34, 3: 26, 2: 17, 1: 29}"
38860,10114,b'Bakumatsu Crisis',5.68,"['Action', 'Historical', 'Samurai']",12,"11,938","{10: 98, 9: 62, 8: 155, 7: 341, 6: 483, 5: 415, 4: 262, 3: 147, 2: 87, 1: 95}"
7122,10115,b'Dai Yamato Zero-gou',5.68,"['Sci-Fi', 'Adult Cast', 'Space']",5,"1,490","{10: 14, 9: 9, 8: 19, 7: 39, 6: 52, 5: 74, 4: 36, 3: 11, 2: 6, 1: 17}"
30289,10116,b'Dededen',5.68,['Slice of Life'],5,574,"{10: 11, 9: 8, 8: 12, 7: 42, 6: 49, 5: 60, 4: 23, 3: 19, 2: 6, 1: 12}"
3669,10117,b'Duel Masters Movie 1: Yami no Shiro no Maryuuou',5.68,"['Adventure', 'Fantasy', 'Strategy Game', 'Kids']",1,"1,382","{10: 30, 9: 21, 8: 31, 7: 86, 6: 111, 5: 80, 4: 63, 3: 27, 2: 27, 1: 22}"
37484,10118,b'Duel Masters!',5.68,"['Action', 'Adventure', 'Comedy', 'Fantasy', 'Kids']",51,"1,363","{10: 16, 9: 11, 8: 13, 7: 30, 6: 48, 5: 60, 4: 28, 3: 13, 2: 14, 1: 33}"
52355,10119,b'Fudanshi Shoukan: Isekai de Shinjuu ni Hameraremashita 3rd Season',5.68,"['Boys Love', 'Fantasy', 'Isekai']",3,550,"{10: 7, 9: 5, 8: 6, 7: 19, 6: 44, 5: 40, 4: 15, 3: 9, 2: 6, 1: 11}"
21821,10120,b'Fuuun Ishin Dai\xe2\x98\x86Shogun',5.68,"['Action', 'Historical', 'Mecha']",12,"26,459","{10: 305, 9: 275, 8: 740, 7: 1565, 6: 2026, 5: 1695, 4: 1149, 3: 631, 2: 478, 1: 372}"
23661,10121,b'Glass no Chikyuu wo Sukue Unico Special',5.68,"['Fantasy', 'Kids']",1,568,"{10: 13, 9: 3, 8: 9, 7: 29, 6: 36, 5: 36, 4: 16, 3: 7, 2: 10, 1: 7}"
30264,10122,b'Hello Kitty no Cinderella (OVA)',5.68,"['Fantasy', 'Kids']",1,663,"{10: 22, 9: 4, 8: 18, 7: 49, 6: 51, 5: 48, 4: 15, 3: 11, 2: 9, 1: 10}"
52486,10123,"b'HoneyWorks 10th Anniversary ""LIP\xc3\x97LIP FILM\xc3\x97LIVE"" Mini Anime'",5.68,"['Idols (Male)', 'Music']",3,421,"{10: 11, 9: 3, 8: 10, 7: 14, 6: 27, 5: 33, 4: 8, 3: 7, 2: 5, 1: 7}"
37286,10124,"b""It's My Life""",5.68,"['Comedy', 'Fantasy']",1,"8,190","{10: 67, 9: 41, 8: 111, 7: 378, 6: 638, 5: 535, 4: 212, 3: 91, 2: 61, 1: 46}"
20835,10125,b'Joshikousei Nobunaga-chan!!',5.68,"['Comedy', 'Ecchi', 'Reincarnation', 'School']",10,"1,372","{10: 21, 9: 6, 8: 13, 7: 26, 6: 25, 5: 30, 4: 11, 3: 14, 2: 7, 1: 12}"
15391,10126,b'Kagaku na Yatsura',5.68,"['Comedy', 'Romance', 'Sci-Fi', 'Ecchi', 'School', 'Seinen']",1,"26,459","{10: 961, 9: 552, 8: 993, 7: 1618, 6: 2124, 5: 1889, 4: 1103, 3: 729, 2: 628, 1: 742}"
4709,10127,"b""Aesop's World""",5.67,['Kids'],26,653,"{10: 16, 9: 5, 8: 5, 7: 23, 6: 30, 5: 39, 4: 22, 3: 13, 2: 3, 1: 18}"
38291,10128,b'Bobunemimimmi Specials',5.67,"['Avant Garde', 'Comedy', 'Parody']",2,"2,801","{10: 81, 9: 31, 8: 57, 7: 97, 6: 158, 5: 130, 4: 71, 3: 33, 2: 42, 1: 65}"
4522,10129,b'Bounty Hunter: The Hard',5.67,"['Action', 'Detective']",1,"1,477","{10: 10, 9: 13, 8: 33, 7: 137, 6: 158, 5: 131, 4: 62, 3: 41, 2: 12, 1: 19}"
29772,10130,b'Calm',5.67,"['Avant Garde', 'Music']",1,"1,753","{10: 29, 9: 31, 8: 79, 7: 174, 6: 214, 5: 184, 4: 95, 3: 61, 2: 36, 1: 38}"
5167,10131,b'Cream Lemon: New Generation',5.67,"['Drama', 'Romance']",4,"1,908","{10: 19, 9: 14, 8: 19, 7: 60, 6: 78, 5: 75, 4: 56, 3: 23, 2: 7, 1: 31}"
42990,10132,b'Dogeza de Tanondemita: Isekai-hen',5.67,"['Comedy', 'Fantasy', 'Ecchi']",1,"16,734","{10: 554, 9: 242, 8: 500, 7: 1003, 6: 1659, 5: 1571, 4: 701, 3: 417, 2: 305, 1: 370}"
30450,10133,b'Dr. Slump: Hoyoyo! Arale no Himitsu Dai Koukai da yo!!',5.67,"['Comedy', 'Sci-Fi', 'Gag Humor', 'Shounen']",1,"1,088","{10: 15, 9: 11, 8: 9, 7: 40, 6: 66, 5: 60, 4: 27, 3: 13, 2: 10, 1: 15}"
8233,10134,b'Genji',5.67,"['Romance', 'Historical', 'Time Travel']",2,"1,119","{10: 8, 9: 4, 8: 3, 7: 29, 6: 35, 5: 15, 4: 12, 3: 7, 2: 8, 1: 15}"
30278,10135,b'Ghost Messenger Movie',5.67,"['Action', 'Supernatural']",1,"1,137","{10: 13, 9: 4, 8: 20, 7: 40, 6: 54, 5: 41, 4: 12, 3: 13, 2: 10, 1: 12}"
37663,10136,b'God Eater Reso Nantoka Gekijou: Nagerareta Shokupan',5.67,"['Fantasy', 'Sci-Fi', 'Military', 'Parody']",1,"5,781","{10: 69, 9: 17, 8: 60, 7: 114, 6: 245, 5: 232, 4: 93, 3: 41, 2: 21, 1: 43}"
25943,10137,b'Hacka Doll',5.67,['Fantasy'],2,"8,977","{10: 73, 9: 69, 8: 148, 7: 312, 6: 524, 5: 551, 4: 220, 3: 105, 2: 49, 1: 54}"
18029,10138,b'Hello Kitty no Suteki na Kyoudai',5.67,"['Fantasy', 'Kids']",1,531,"{10: 21, 9: 3, 8: 8, 7: 25, 6: 37, 5: 30, 4: 13, 3: 11, 2: 6, 1: 8}"
42990,10132,b'Dogeza de Tanondemita: Isekai-hen',5.67,"['Comedy', 'Fantasy', 'Ecchi']",1,"16,734","{10: 554, 9: 242, 8: 500, 7: 1003, 6: 1659, 5: 1571, 4: 701, 3: 417, 2: 305, 1: 370}"
30450,10133,b'Dr. Slump: Hoyoyo! Arale no Himitsu Dai Koukai da yo!!',5.67,"['Comedy', 'Sci-Fi', 'Gag Humor', 'Shounen']",1,"1,088","{10: 15, 9: 11, 8: 9, 7: 40, 6: 66, 5: 60, 4: 27, 3: 13, 2: 10, 1: 15}"
8233,10134,b'Genji',5.67,"['Romance', 'Historical', 'Time Travel']",2,"1,119","{10: 8, 9: 4, 8: 3, 7: 29, 6: 35, 5: 15, 4: 12, 3: 7, 2: 8, 1: 15}"
30278,10135,b'Ghost Messenger Movie',5.67,"['Action', 'Supernatural']",1,"1,137","{10: 13, 9: 4, 8: 20, 7: 40, 6: 54, 5: 41, 4: 12, 3: 13, 2: 10, 1: 12}"
37663,10136,b'God Eater Reso Nantoka Gekijou: Nagerareta Shokupan',5.67,"['Fantasy', 'Sci-Fi', 'Military', 'Parody']",1,"5,781","{10: 69, 9: 17, 8: 60, 7: 114, 6: 245, 5: 232, 4: 93, 3: 41, 2: 21, 1: 43}"
25943,10137,b'Hacka Doll',5.67,['Fantasy'],2,"8,977","{10: 73, 9: 69, 8: 148, 7: 312, 6: 524, 5: 551, 4: 220, 3: 105, 2: 49, 1: 54}"
18029,10138,b'Hello Kitty no Suteki na Kyoudai',5.67,"['Fantasy', 'Kids']",1,531,"{10: 21, 9: 3, 8: 8, 7: 25, 6: 37, 5: 30, 4: 13, 3: 11, 2: 6, 1: 8}"
42990,10132,b'Dogeza de Tanondemita: Isekai-hen',5.67,"['Comedy', 'Fantasy', 'Ecchi']",1,"16,734","{10: 554, 9: 242, 8: 500, 7: 1003, 6: 1659, 5: 1571, 4: 701, 3: 417, 2: 305, 1: 370}"
30450,10133,b'Dr. Slump: Hoyoyo! Arale no Himitsu Dai Koukai da yo!!',5.67,"['Comedy', 'Sci-Fi', 'Gag Humor', 'Shounen']",1,"1,088","{10: 15, 9: 11, 8: 9, 7: 40, 6: 66, 5: 60, 4: 27, 3: 13, 2: 10, 1: 15}"
8233,10134,b'Genji',5.67,"['Romance', 'Historical', 'Time Travel']",2,"1,119","{10: 8, 9: 4, 8: 3, 7: 29, 6: 35, 5: 15, 4: 12, 3: 7, 2: 8, 1: 15}"
30278,10135,b'Ghost Messenger Movie',5.67,"['Action', 'Supernatural']",1,"1,137","{10: 13, 9: 4, 8: 20, 7: 40, 6: 54, 5: 41, 4: 12, 3: 13, 2: 10, 1: 12}"
37663,10136,b'God Eater Reso Nantoka Gekijou: Nagerareta Shokupan',5.67,"['Fantasy', 'Sci-Fi', 'Military', 'Parody']",1,"5,781","{10: 69, 9: 17, 8: 60, 7: 114, 6: 245, 5: 232, 4: 93, 3: 41, 2: 21, 1: 43}"
25943,10137,b'Hacka Doll',5.67,['Fantasy'],2,"8,977","{10: 73, 9: 69, 8: 148, 7: 312, 6: 524, 5: 551, 4: 220, 3: 105, 2: 49, 1: 54}"
18029,10138,b'Hello Kitty no Suteki na Kyoudai',5.67,"['Fantasy', 'Kids']",1,531,"{10: 21, 9: 3, 8: 8, 7: 25, 6: 37, 5: 30, 4: 13, 3: 11, 2: 6, 1: 8}"
42990,10132,b'Dogeza de Tanondemita: Isekai-hen',5.67,"['Comedy', 'Fantasy', 'Ecchi']",1,"16,734","{10: 554, 9: 242, 8: 500, 7: 1003, 6: 1659, 5: 1571, 4: 701, 3: 417, 2: 305, 1: 370}"
30450,10133,b'Dr. Slump: Hoyoyo! Arale no Himitsu Dai Koukai da yo!!',5.67,"['Comedy', 'Sci-Fi', 'Gag Humor', 'Shounen']",1,"1,088","{10: 15, 9: 11, 8: 9, 7: 40, 6: 66, 5: 60, 4: 27, 3: 13, 2: 10, 1: 15}"
8233,10134,b'Genji',5.67,"['Romance', 'Historical', 'Time Travel']",2,"1,119","{10: 8, 9: 4, 8: 3, 7: 29, 6: 35, 5: 15, 4: 12, 3: 7, 2: 8, 1: 15}"
30278,10135,b'Ghost Messenger Movie',5.67,"['Action', 'Supernatural']",1,"1,137","{10: 13, 9: 4, 8: 20, 7: 40, 6: 54, 5: 41, 4: 12, 3: 13, 2: 10, 1: 12}"
37663,10136,b'God Eater Reso Nantoka Gekijou: Nagerareta Shokupan',5.67,"['Fantasy', 'Sci-Fi', 'Military', 'Parody']",1,"5,781","{10: 69, 9: 17, 8: 60, 7: 114, 6: 245, 5: 232, 4: 93, 3: 41, 2: 21, 1: 43}"
25943,10137,b'Hacka Doll',5.67,['Fantasy'],2,"8,977","{10: 73, 9: 69, 8: 148, 7: 312, 6: 524, 5: 551, 4: 220, 3: 105, 2: 49, 1: 54}"
18029,10138,b'Hello Kitty no Suteki na Kyoudai',5.67,"['Fantasy', 'Kids']",1,531,"{10: 21, 9: 3, 8: 8, 7: 25, 6: 37, 5: 30, 4: 13, 3: 11, 2: 6, 1: 8}"
42990,10132,b'Dogeza de Tanondemita: Isekai-hen',5.67,"['Comedy', 'Fantasy', 'Ecchi']",1,"16,734","{10: 554, 9: 242, 8: 500, 7: 1003, 6: 1659, 5: 1571, 4: 701, 3: 417, 2: 305, 1: 370}"
30450,10133,b'Dr. Slump: Hoyoyo! Arale no Himitsu Dai Koukai da yo!!',5.67,"['Comedy', 'Sci-Fi', 'Gag Humor', 'Shounen']",1,"1,088","{10: 15, 9: 11, 8: 9, 7: 40, 6: 66, 5: 60, 4: 27, 3: 13, 2: 10, 1: 15}"
8233,10134,b'Genji',5.67,"['Romance', 'Historical', 'Time Travel']",2,"1,119","{10: 8, 9: 4, 8: 3, 7: 29, 6: 35, 5: 15, 4: 12, 3: 7, 2: 8, 1: 15}"
30278,10135,b'Ghost Messenger Movie',5.67,"['Action', 'Supernatural']",1,"1,137","{10: 13, 9: 4, 8: 20, 7: 40, 6: 54, 5: 41, 4: 12, 3: 13, 2: 10, 1: 12}"
37663,10136,b'God Eater Reso Nantoka Gekijou: Nagerareta Shokupan',5.67,"['Fantasy', 'Sci-Fi', 'Military', 'Parody']",1,"5,781","{10: 69, 9: 17, 8: 60, 7: 114, 6: 245, 5: 232, 4: 93, 3: 41, 2: 21, 1: 43}"
25943,10137,b'Hacka Doll',5.67,['Fantasy'],2,"8,977","{10: 73, 9: 69, 8: 148, 7: 312, 6: 524, 5: 551, 4: 220, 3: 105, 2: 49, 1: 54}"
18029,10138,b'Hello Kitty no Suteki na Kyoudai',5.67,"['Fantasy', 'Kids']",1,531,"{10: 21, 9: 3, 8: 8, 7: 25, 6: 37, 5: 30, 4: 13, 3: 11, 2: 6, 1: 8}"
32251,10167,b'Mirai e no Kakehashi: Bridge for Future',5.67,['Slice of Life'],6,746,"{10: 6, 9: 1, 8: 9, 7: 17, 6: 31, 5: 35, 4: 18, 3: 3, 2: 9, 1: 10}"
52814,10168,b'Nanashi Kaidan',5.67,['Horror'],10,"4,033","{10: 10, 9: 5, 8: 3, 7: 21, 6: 30, 5: 27, 4: 13, 3: 7, 2: 4, 1: 8}"
32251,10167,b'Mirai e no Kakehashi: Bridge for Future',5.67,['Slice of Life'],6,746,"{10: 6, 9: 1, 8: 9, 7: 17, 6: 31, 5: 35, 4: 18, 3: 3, 2: 9, 1: 10}"
52814,10168,b'Nanashi Kaidan',5.67,['Horror'],10,"4,033","{10: 10, 9: 5, 8: 3, 7: 21, 6: 30, 5: 27, 4: 13, 3: 7, 2: 4, 1: 8}"
32251,10167,b'Mirai e no Kakehashi: Bridge for Future',5.67,['Slice of Life'],6,746,"{10: 6, 9: 1, 8: 9, 7: 17, 6: 31, 5: 35, 4: 18, 3: 3, 2: 9, 1: 10}"
52814,10168,b'Nanashi Kaidan',5.67,['Horror'],10,"4,033","{10: 10, 9: 5, 8: 3, 7: 21, 6: 30, 5: 27, 4: 13, 3: 7, 2: 4, 1: 8}"
32251,10167,b'Mirai e no Kakehashi: Bridge for Future',5.67,['Slice of Life'],6,746,"{10: 6, 9: 1, 8: 9, 7: 17, 6: 31, 5: 35, 4: 18, 3: 3, 2: 9, 1: 10}"
52814,10168,b'Nanashi Kaidan',5.67,['Horror'],10,"4,033","{10: 10, 9: 5, 8: 3, 7: 21, 6: 30, 5: 27, 4: 13, 3: 7, 2: 4, 1: 8}"
32251,10167,b'Mirai e no Kakehashi: Bridge for Future',5.67,['Slice of Life'],6,746,"{10: 6, 9: 1, 8: 9, 7: 17, 6: 31, 5: 35, 4: 18, 3: 3, 2: 9, 1: 10}"
52814,10168,b'Nanashi Kaidan',5.67,['Horror'],10,"4,033","{10: 10, 9: 5, 8: 3, 7: 21, 6: 30, 5: 27, 4: 13, 3: 7, 2: 4, 1: 8}"
42484,10676,b'Tsumamareru Koma',5.52,"['Avant Garde', 'Drama']",1,238,"{10: 1, 9: 1, 8: 3, 7: 22, 6: 32, 5: 28, 4: 16, 3: 11, 2: 5, 1: 9}"
51414,10677,b'Uchuu Camper Chicchi',5.52,['Sci-Fi'],1,591,"{10: 5, 9: 1, 8: 9, 7: 26, 6: 80, 5: 63, 4: 29, 3: 10, 2: 7, 1: 4}"
40780,10678,b'Keishichou Tokumubu Tokushu Kyouakuhan Taisakushitsu Dainanaka: Tokunana Recap',5.52,"['Action', 'Fantasy', 'Detective', 'Vampire']",1,"2,251","{10: 24, 9: 18, 8: 42, 7: 118, 6: 190, 5: 287, 4: 64, 3: 41, 2: 17, 1: 40}"
6978,10679,b'Kyoufu Densetsu Kaiki! Frankenstein',5.52,"['Drama', 'Horror', 'Sci-Fi']",1,"1,835","{10: 31, 9: 22, 8: 53, 7: 97, 6: 120, 5: 127, 4: 97, 3: 46, 2: 30, 1: 30}"
22943,10680,b'Mugen Senshi Valis',5.52,"['Action', 'Adventure', 'Fantasy']",1,875,"{10: 11, 9: 5, 8: 21, 7: 63, 6: 92, 5: 107, 4: 48, 3: 23, 2: 13, 1: 10}"
22849,10681,b'Nyamen',5.52,['Comedy'],12,"1,328","{10: 18, 9: 3, 8: 9, 7: 16, 6: 23, 5: 32, 4: 9, 3: 13, 2: 14, 1: 10}"
37717,10682,"b'Oam Monogatari: Sono Natsu, Watashi ga Shitta koto'",5.52,['Historical'],1,"1,149","{10: 9, 9: 1, 8: 8, 7: 33, 6: 71, 5: 90, 4: 17, 3: 14, 2: 5, 1: 12}"
40436,10683,b'Peter Grill to Kenja no Jikan',5.52,"['Comedy', 'Fantasy', 'Ecchi', 'Harem']",12,"192,677","{10: 6331, 9: 2441, 8: 5807, 7: 12410, 6: 18308, 5: 16340, 4: 10461, 3: 6220, 2: 4442, 1: 3862}"
11659,10684,b'Pink Mizu Dorobou Ame Dorobou',5.52,"['Action', 'Comedy', 'Fantasy', 'Shounen']",1,"1,743","{10: 16, 9: 11, 8: 35, 7: 108, 6: 150, 5: 181, 4: 85, 3: 43, 2: 16, 1: 19}"
8297,10685,b'Planzet',5.52,"['Action', 'Sci-Fi', 'Mecha']",1,"3,968","{10: 30, 9: 59, 8: 144, 7: 365, 6: 464, 5: 428, 4: 246, 3: 134, 2: 82, 1: 64}"
5492,10686,b'Platonic Chain: Web',5.52,"['Sci-Fi', 'Slice of Life']",1,912,"{10: 9, 9: 9, 8: 20, 7: 53, 6: 72, 5: 59, 4: 40, 3: 25, 2: 15, 1: 18}"
22493,10687,b'Pochacco no Jack to Mame no Ki',5.52,"['Fantasy', 'Kids']",1,421,"{10: 10, 9: 3, 8: 5, 7: 12, 6: 32, 5: 24, 4: 8, 3: 10, 2: 8, 1: 10}"
6390,10688,b'R20: Ginga Kuukou',5.52,['Sci-Fi'],1,"1,541","{10: 14, 9: 11, 8: 37, 7: 104, 6: 176, 5: 149, 4: 54, 3: 40, 2: 24, 1: 26}"
6513,10689,b'Ravex in Tezuka World',5.52,"['Music', 'Space']",1,"1,396","{10: 25, 9: 13, 8: 37, 7: 74, 6: 138, 5: 118, 4: 62, 3: 42, 2: 29, 1: 17}"
53595,10690,b'Shin Shinka no Mi Gekijou',5.52,['Comedy'],15,805,"{10: 24, 9: 8, 8: 9, 7: 14, 6: 28, 5: 30, 4: 22, 3: 7, 2: 11, 1: 10}"
31321,10691,b'Shounen to Sakura',5.52,"['Drama', 'Historical', 'Kids']",1,596,"{10: 11, 9: 6, 8: 17, 7: 43, 6: 54, 5: 65, 4: 33, 3: 16, 2: 15, 1: 11}"
8664,10692,"b'Slime Boukenki: Umi da, Yeah!'",5.52,"['Action', 'Adventure', 'Comedy', 'Fantasy', 'Strategy Game']",1,"1,580","{10: 12, 9: 8, 8: 21, 7: 65, 6: 93, 5: 91, 4: 53, 3: 22, 2: 19, 1: 12}"
23349,10693,b'Kirin Monoshiri Yakata',5.51,['Kids'],1565,721,"{10: 26, 9: 3, 8: 21, 7: 24, 6: 33, 5: 63, 4: 24, 3: 13, 2: 19, 1: 29}"
23597,10694,b'Legend of Basara: Shinbashi Theater',5.51,['Comedy'],1,585,"{10: 10, 9: 2, 8: 5, 7: 29, 6: 35, 5: 57, 4: 15, 3: 9, 2: 7, 1: 15}"
434,10695,b'Legend of Lemnear: Kyokuguro no Tsubasa Valkisas',5.51,"['Action', 'Adventure', 'Fantasy']",1,"7,769","{10: 71, 9: 75, 8: 215, 7: 598, 6: 846, 5: 736, 4: 422, 3: 285, 2: 116, 1: 60}"
4939,10696,b'Macross Fufonfia',5.51,"['Comedy', 'Parody']",20,"3,195","{10: 38, 9: 30, 8: 73, 7: 129, 6: 189, 5: 173, 4: 110, 3: 47, 2: 58, 1: 45}"
51349,10697,b'Mahoutsukai Reimeiki Mini Anime',5.51,"['Comedy', 'Fantasy']",21,"1,206","{10: 26, 9: 6, 8: 12, 7: 31, 6: 69, 5: 87, 4: 29, 3: 10, 2: 11, 1: 14}"
6184,10698,b'Makaryuudo Demon Hunter',5.51,"['Supernatural', 'Gore', 'Mythology']",1,"3,091","{10: 52, 9: 57, 8: 55, 7: 149, 6: 278, 5: 258, 4: 165, 3: 101, 2: 48, 1: 28}"
4096,10699,b'Mizu no Tane',5.51,"['Award Winning', 'Historical']",1,410,"{10: 4, 9: 4, 8: 9, 7: 17, 6: 32, 5: 29, 4: 22, 3: 11, 2: 8, 1: 12}"
23835,10700,b'Moonrakers',5.51,"['Drama', 'Sci-Fi', 'Space']",1,"1,802","{10: 13, 9: 14, 8: 45, 7: 163, 6: 273, 5: 254, 4: 92, 3: 55, 2: 29, 1: 28}"
4218,10701,b'Niji ni Mukatte',5.51,"['Award Winning', 'Romance', 'Historical']",1,451,"{10: 6, 9: 3, 8: 4, 7: 29, 6: 35, 5: 40, 4: 20, 3: 8, 2: 9, 1: 10}"
9575,10702,b'Nodoka Mori no Doubutsu Daisakusen',5.51,['Fantasy'],1,612,"{10: 8, 9: 3, 8: 16, 7: 17, 6: 43, 5: 56, 4: 31, 3: 16, 2: 4, 1: 13}"
2094,10703,b'Relic Armor Legaciam',5.51,"['Action', 'Sci-Fi', 'Mecha']",1,"2,160","{10: 16, 9: 19, 8: 37, 7: 146, 6: 179, 5: 238, 4: 107, 3: 56, 2: 23, 1: 16}"
49708,10704,b'Shaman King (2021): Funbari Onsen Hanjouki',5.51,['Comedy'],10,"1,220","{10: 27, 9: 7, 8: 15, 7: 39, 6: 58, 5: 81, 4: 33, 3: 25, 2: 8, 1: 20}"
22611,10705,b'Ahiru no Pekkle no Aladdin to Mahou no Lamp',5.51,"['Fantasy', 'Kids']",1,514,"{10: 9, 9: 1, 8: 10, 7: 18, 6: 29, 5: 32, 4: 10, 3: 14, 2: 8, 1: 9}"
42484,10676,b'Tsumamareru Koma',5.52,"['Avant Garde', 'Drama']",1,238,"{10: 1, 9: 1, 8: 3, 7: 22, 6: 32, 5: 28, 4: 16, 3: 11, 2: 5, 1: 9}"
51414,10677,b'Uchuu Camper Chicchi',5.52,['Sci-Fi'],1,591,"{10: 5, 9: 1, 8: 9, 7: 26, 6: 80, 5: 63, 4: 29, 3: 10, 2: 7, 1: 4}"
40780,10678,b'Keishichou Tokumubu Tokushu Kyouakuhan Taisakushitsu Dainanaka: Tokunana Recap',5.52,"['Action', 'Fantasy', 'Detective', 'Vampire']",1,"2,251","{10: 24, 9: 18, 8: 42, 7: 118, 6: 190, 5: 287, 4: 64, 3: 41, 2: 17, 1: 40}"
6978,10679,b'Kyoufu Densetsu Kaiki! Frankenstein',5.52,"['Drama', 'Horror', 'Sci-Fi']",1,"1,835","{10: 31, 9: 22, 8: 53, 7: 97, 6: 120, 5: 127, 4: 97, 3: 46, 2: 30, 1: 30}"
22943,10680,b'Mugen Senshi Valis',5.52,"['Action', 'Adventure', 'Fantasy']",1,875,"{10: 11, 9: 5, 8: 21, 7: 63, 6: 92, 5: 107, 4: 48, 3: 23, 2: 13, 1: 10}"
22849,10681,b'Nyamen',5.52,['Comedy'],12,"1,328","{10: 18, 9: 3, 8: 9, 7: 16, 6: 23, 5: 32, 4: 9, 3: 13, 2: 14, 1: 10}"
37717,10682,"b'Oam Monogatari: Sono Natsu, Watashi ga Shitta koto'",5.52,['Historical'],1,"1,149","{10: 9, 9: 1, 8: 8, 7: 33, 6: 71, 5: 90, 4: 17, 3: 14, 2: 5, 1: 12}"
40436,10683,b'Peter Grill to Kenja no Jikan',5.52,"['Comedy', 'Fantasy', 'Ecchi', 'Harem']",12,"192,677","{10: 6331, 9: 2441, 8: 5807, 7: 12410, 6: 18308, 5: 16340, 4: 10461, 3: 6220, 2: 4442, 1: 3862}"
11659,10684,b'Pink Mizu Dorobou Ame Dorobou',5.52,"['Action', 'Comedy', 'Fantasy', 'Shounen']",1,"1,743","{10: 16, 9: 11, 8: 35, 7: 108, 6: 150, 5: 181, 4: 85, 3: 43, 2: 16, 1: 19}"
8297,10685,b'Planzet',5.52,"['Action', 'Sci-Fi', 'Mecha']",1,"3,968","{10: 30, 9: 59, 8: 144, 7: 365, 6: 464, 5: 428, 4: 246, 3: 134, 2: 82, 1: 64}"
5492,10686,b'Platonic Chain: Web',5.52,"['Sci-Fi', 'Slice of Life']",1,912,"{10: 9, 9: 9, 8: 20, 7: 53, 6: 72, 5: 59, 4: 40, 3: 25, 2: 15, 1: 18}"
22493,10687,b'Pochacco no Jack to Mame no Ki',5.52,"['Fantasy', 'Kids']",1,421,"{10: 10, 9: 3, 8: 5, 7: 12, 6: 32, 5: 24, 4: 8, 3: 10, 2: 8, 1: 10}"
6390,10688,b'R20: Ginga Kuukou',5.52,['Sci-Fi'],1,"1,541","{10: 14, 9: 11, 8: 37, 7: 104, 6: 176, 5: 149, 4: 54, 3: 40, 2: 24, 1: 26}"
6513,10689,b'Ravex in Tezuka World',5.52,"['Music', 'Space']",1,"1,396","{10: 25, 9: 13, 8: 37, 7: 74, 6: 138, 5: 118, 4: 62, 3: 42, 2: 29, 1: 17}"
53595,10690,b'Shin Shinka no Mi Gekijou',5.52,['Comedy'],15,805,"{10: 24, 9: 8, 8: 9, 7: 14, 6: 28, 5: 30, 4: 22, 3: 7, 2: 11, 1: 10}"
31321,10691,b'Shounen to Sakura',5.52,"['Drama', 'Historical', 'Kids']",1,596,"{10: 11, 9: 6, 8: 17, 7: 43, 6: 54, 5: 65, 4: 33, 3: 16, 2: 15, 1: 11}"
8664,10692,"b'Slime Boukenki: Umi da, Yeah!'",5.52,"['Action', 'Adventure', 'Comedy', 'Fantasy', 'Strategy Game']",1,"1,580","{10: 12, 9: 8, 8: 21, 7: 65, 6: 93, 5: 91, 4: 53, 3: 22, 2: 19, 1: 12}"
23349,10693,b'Kirin Monoshiri Yakata',5.51,['Kids'],1565,721,"{10: 26, 9: 3, 8: 21, 7: 24, 6: 33, 5: 63, 4: 24, 3: 13, 2: 19, 1: 29}"
23597,10694,b'Legend of Basara: Shinbashi Theater',5.51,['Comedy'],1,585,"{10: 10, 9: 2, 8: 5, 7: 29, 6: 35, 5: 57, 4: 15, 3: 9, 2: 7, 1: 15}"
434,10695,b'Legend of Lemnear: Kyokuguro no Tsubasa Valkisas',5.51,"['Action', 'Adventure', 'Fantasy']",1,"7,769","{10: 71, 9: 75, 8: 215, 7: 598, 6: 846, 5: 736, 4: 422, 3: 285, 2: 116, 1: 60}"
4939,10696,b'Macross Fufonfia',5.51,"['Comedy', 'Parody']",20,"3,195","{10: 38, 9: 30, 8: 73, 7: 129, 6: 189, 5: 173, 4: 110, 3: 47, 2: 58, 1: 45}"
51349,10697,b'Mahoutsukai Reimeiki Mini Anime',5.51,"['Comedy', 'Fantasy']",21,"1,206","{10: 26, 9: 6, 8: 12, 7: 31, 6: 69, 5: 87, 4: 29, 3: 10, 2: 11, 1: 14}"
6184,10698,b'Makaryuudo Demon Hunter',5.51,"['Supernatural', 'Gore', 'Mythology']",1,"3,091","{10: 52, 9: 57, 8: 55, 7: 149, 6: 278, 5: 258, 4: 165, 3: 101, 2: 48, 1: 28}"
4096,10699,b'Mizu no Tane',5.51,"['Award Winning', 'Historical']",1,410,"{10: 4, 9: 4, 8: 9, 7: 17, 6: 32, 5: 29, 4: 22, 3: 11, 2: 8, 1: 12}"
23835,10700,b'Moonrakers',5.51,"['Drama', 'Sci-Fi', 'Space']",1,"1,802","{10: 13, 9: 14, 8: 45, 7: 163, 6: 273, 5: 254, 4: 92, 3: 55, 2: 29, 1: 28}"
4218,10701,b'Niji ni Mukatte',5.51,"['Award Winning', 'Romance', 'Historical']",1,451,"{10: 6, 9: 3, 8: 4, 7: 29, 6: 35, 5: 40, 4: 20, 3: 8, 2: 9, 1: 10}"
9575,10702,b'Nodoka Mori no Doubutsu Daisakusen',5.51,['Fantasy'],1,612,"{10: 8, 9: 3, 8: 16, 7: 17, 6: 43, 5: 56, 4: 31, 3: 16, 2: 4, 1: 13}"
2094,10703,b'Relic Armor Legaciam',5.51,"['Action', 'Sci-Fi', 'Mecha']",1,"2,160","{10: 16, 9: 19, 8: 37, 7: 146, 6: 179, 5: 238, 4: 107, 3: 56, 2: 23, 1: 16}"
19479,10734,b'Monkey Punch: Manga Katsudou Daishashin - Crime Mate Special',5.50,"['Action', 'Comedy', 'Ecchi', 'Parody']",1,780,"{10: 9, 9: 1, 8: 6, 7: 37, 6: 43, 5: 34, 4: 28, 3: 9, 2: 8, 1: 11}"
6654,10735,b'Namakura Gatana',5.50,"['Comedy', 'Samurai']",1,"8,709","{10: 497, 9: 113, 8: 281, 7: 640, 6: 1001, 5: 1267, 4: 494, 3: 362, 2: 296, 1: 326}"
816,10736,b'Nanako Kaitai Shinsho',5.50,"['Comedy', 'Sci-Fi', 'Mecha', 'Military']",6,"11,063","{10: 140, 9: 138, 8: 346, 7: 781, 6: 952, 5: 902, 4: 513, 3: 334, 2: 276, 1: 205}"
41636,10737,b'Naze Nani Dendrogram',5.50,"['Fantasy', 'Video Game']",20,638,"{10: 4, 9: 3, 8: 7, 7: 17, 6: 44, 5: 46, 4: 19, 3: 13, 2: 4, 1: 9}"
37818,10738,b'Osomatsu-san x Mameshiba',5.50,['Parody'],2,"1,099","{10: 13, 9: 2, 8: 2, 7: 11, 6: 27, 5: 41, 4: 23, 3: 5, 2: 5, 1: 23}"
23895,10739,b'REACH x Thermae Romae: Pietrada no Kekkon',5.50,"['Comedy', 'Historical', 'Seinen']",1,901,"{10: 14, 9: 3, 8: 20, 7: 42, 6: 90, 5: 85, 4: 37, 3: 16, 2: 11, 1: 13}"
17165,10740,b'SF Saiyuuki Starzinger (Movie)',5.50,"['Action', 'Adventure', 'Sci-Fi', 'Mecha']",1,735,"{10: 15, 9: 11, 8: 11, 7: 23, 6: 38, 5: 57, 4: 33, 3: 16, 2: 13, 1: 11}"
35559,10741,b'Sin: Nanatsu no Taizai - Masani Akuma no Shogyou...',5.50,"['Fantasy', 'Ecchi']",1,"10,207","{10: 234, 9: 93, 8: 192, 7: 487, 6: 707, 5: 839, 4: 420, 3: 237, 2: 137, 1: 171}"
37930,10742,b'Sketch',5.50,['Music'],1,367,"{10: 7, 9: 1, 8: 8, 7: 22, 6: 44, 5: 42, 4: 16, 3: 10, 2: 7, 1: 17}"
30013,10743,b'Super Short Comics',5.50,"['Comedy', 'Parody']",8,627,"{10: 6, 9: 6, 8: 18, 7: 11, 6: 34, 5: 21, 4: 21, 3: 14, 2: 14, 1: 15}"
18821,10744,b'Ano Yama ni Noborou yo',5.50,"['Adventure', 'Fantasy', 'Kids']",1,391,"{10: 6, 9: 3, 8: 3, 7: 19, 6: 15, 5: 36, 4: 12, 3: 7, 2: 10, 1: 11}"
7420,10745,b'Byulbyul Iyagi',5.50,"['Drama', 'Psychological']",6,490,"{10: 3, 9: 2, 8: 8, 7: 14, 6: 23, 5: 35, 4: 11, 3: 13, 2: 8, 1: 6}"
3025,10746,b'Dragon Slayer Eiyuu Densetsu: Ouji no Tabidachi',5.50,"['Action', 'Fantasy']",2,"2,022","{10: 26, 9: 17, 8: 24, 7: 116, 6: 156, 5: 152, 4: 99, 3: 55, 2: 15, 1: 23}"
43727,10747,"b'Eiyuuou, Bu wo Kiwameru Tame Tenseisu: Soshite, Sekai Saikyou no Minarai Kishi\xe2\x99\x80 Mini Anime'",5.50,"['Action', 'Fantasy']",2,"1,668","{10: 28, 9: 9, 8: 13, 7: 54, 6: 85, 5: 115, 4: 44, 3: 27, 2: 10, 1: 19}"
1927,10748,b'Gakuen Tokusou Hikaruon',5.50,"['Action', 'Martial Arts', 'School', 'Super Power']",1,"2,992","{10: 26, 9: 31, 8: 90, 7: 233, 6: 308, 5: 301, 4: 184, 3: 99, 2: 52, 1: 29}"
28077,10749,"b'Go! Go! 575: Meippai ni, Hajiketeru?'",5.50,['Slice of Life'],1,"3,323","{10: 44, 9: 48, 8: 93, 7: 286, 6: 441, 5: 515, 4: 204, 3: 121, 2: 53, 1: 54}"
51534,10251,b'Baraou no Souretsu Recap',5.65,"['Action', 'Drama', 'Supernatural', 'Historical', 'Shoujo']",1,"2,115","{10: 45, 9: 19, 8: 44, 7: 89, 6: 190, 5: 173, 4: 54, 3: 30, 2: 23, 1: 40}"
5469,10252,b'Birthday Boy',5.65,"['Action', 'Award Winning', 'Drama', 'Historical', 'Military']",1,"2,035","{10: 13, 9: 34, 8: 88, 7: 199, 6: 245, 5: 242, 4: 89, 3: 60, 2: 29, 1: 41}"
12157,10253,b'Busou Chuugakusei: Basket Army',5.65,"['Action', 'Military']",5,"6,488","{10: 51, 9: 88, 8: 175, 7: 484, 6: 572, 5: 568, 4: 272, 3: 176, 2: 79, 1: 54}"
36309,10254,b'Butlers: Chitose Momotose Monogatari',5.65,"['Drama', 'Supernatural', 'School', 'Time Travel']",12,"24,100","{10: 200, 9: 169, 8: 428, 7: 949, 6: 1329, 5: 1332, 4: 817, 3: 380, 2: 241, 1: 189}"
21025,10255,b'Chang',5.65,"['Drama', 'Suspense', 'Military']",1,794,"{10: 5, 9: 1, 8: 6, 7: 15, 6: 33, 5: 25, 4: 10, 3: 4, 2: 6, 1: 18}"
7771,10256,b'Chiisana Jumbo',5.65,"['Fantasy', 'Music', 'Kids']",1,699,"{10: 12, 9: 7, 8: 29, 7: 38, 6: 55, 5: 60, 4: 46, 3: 22, 2: 6, 1: 15}"
30420,10257,b'Dr. Slump: Arale-chan no Koutsuu Anzen',5.65,"['Comedy', 'Sci-Fi', 'Educational', 'Shounen']",2,815,"{10: 7, 9: 3, 8: 12, 7: 27, 6: 63, 5: 55, 4: 23, 3: 7, 2: 8, 1: 13}"
21999,10258,b'Duel Masters Victory V3',5.65,"['Action', 'Adventure', 'Comedy', 'Fantasy', 'Kids']",51,"1,173","{10: 31, 9: 8, 8: 12, 7: 47, 6: 57, 5: 64, 4: 25, 3: 12, 2: 16, 1: 23}"
50290,10259,b'Fudanshi Shoukan: Isekai de Shinjuu ni Hameraremashita 2nd Season',5.65,"['Boys Love', 'Fantasy', 'Isekai']",3,860,"{10: 17, 9: 6, 8: 13, 7: 41, 6: 88, 5: 79, 4: 27, 3: 14, 2: 6, 1: 16}"
1496,10260,b'Fushigi no Kuni no Miyuki-chan',5.65,"['Comedy', 'Fantasy', 'Girls Love', 'Ecchi']",2,"12,123","{10: 201, 9: 228, 8: 503, 7: 1042, 6: 1392, 5: 1139, 4: 671, 3: 350, 2: 269, 1: 171}"
2065,10261,b'Gall Force: New Era',5.65,"['Action', 'Sci-Fi', 'Mecha', 'Military', 'Space']",2,"2,361","{10: 32, 9: 23, 8: 63, 7: 127, 6: 253, 5: 181, 4: 120, 3: 61, 2: 20, 1: 17}"
4147,10262,b'Gang-aji Ttong',5.65,"['Fantasy', 'Kids']",1,"3,174","{10: 146, 9: 53, 8: 116, 7: 221, 6: 244, 5: 243, 4: 155, 3: 110, 2: 85, 1: 103}"
28439,10263,b'Hatsune Miku x Tetsuya Nomura',5.65,['Music'],1,"3,675","{10: 133, 9: 93, 8: 136, 7: 240, 6: 401, 5: 435, 4: 173, 3: 103, 2: 98, 1: 104}"
18033,10264,b'Hello Kitty no Yuubinya-san Arigatou',5.65,"['Fantasy', 'Kids']",1,458,"{10: 10, 9: 3, 8: 8, 7: 22, 6: 26, 5: 17, 4: 12, 3: 10, 2: 10, 1: 6}"
7175,10265,b'Himitsukessha Taka no Tsume Countdown',5.65,"['Comedy', 'Parody', 'Super Power']",11,659,"{10: 9, 9: 4, 8: 12, 7: 14, 6: 29, 5: 24, 4: 15, 3: 7, 2: 11, 1: 24}"
51534,10251,b'Baraou no Souretsu Recap',5.65,"['Action', 'Drama', 'Supernatural', 'Historical', 'Shoujo']",1,"2,115","{10: 45, 9: 19, 8: 44, 7: 89, 6: 190, 5: 173, 4: 54, 3: 30, 2: 23, 1: 40}"
5469,10252,b'Birthday Boy',5.65,"['Action', 'Award Winning', 'Drama', 'Historical', 'Military']",1,"2,035","{10: 13, 9: 34, 8: 88, 7: 199, 6: 245, 5: 242, 4: 89, 3: 60, 2: 29, 1: 41}"
12157,10253,b'Busou Chuugakusei: Basket Army',5.65,"['Action', 'Military']",5,"6,488","{10: 51, 9: 88, 8: 175, 7: 484, 6: 572, 5: 568, 4: 272, 3: 176, 2: 79, 1: 54}"
36309,10254,b'Butlers: Chitose Momotose Monogatari',5.65,"['Drama', 'Supernatural', 'School', 'Time Travel']",12,"24,100","{10: 200, 9: 169, 8: 428, 7: 949, 6: 1329, 5: 1332, 4: 817, 3: 380, 2: 241, 1: 189}"
21025,10255,b'Chang',5.65,"['Drama', 'Suspense', 'Military']",1,794,"{10: 5, 9: 1, 8: 6, 7: 15, 6: 33, 5: 25, 4: 10, 3: 4, 2: 6, 1: 18}"
7771,10256,b'Chiisana Jumbo',5.65,"['Fantasy', 'Music', 'Kids']",1,699,"{10: 12, 9: 7, 8: 29, 7: 38, 6: 55, 5: 60, 4: 46, 3: 22, 2: 6, 1: 15}"
30420,10257,b'Dr. Slump: Arale-chan no Koutsuu Anzen',5.65,"['Comedy', 'Sci-Fi', 'Educational', 'Shounen']",2,815,"{10: 7, 9: 3, 8: 12, 7: 27, 6: 63, 5: 55, 4: 23, 3: 7, 2: 8, 1: 13}"
21999,10258,b'Duel Masters Victory V3',5.65,"['Action', 'Adventure', 'Comedy', 'Fantasy', 'Kids']",51,"1,173","{10: 31, 9: 8, 8: 12, 7: 47, 6: 57, 5: 64, 4: 25, 3: 12, 2: 16, 1: 23}"
50290,10259,b'Fudanshi Shoukan: Isekai de Shinjuu ni Hameraremashita 2nd Season',5.65,"['Boys Love', 'Fantasy', 'Isekai']",3,860,"{10: 17, 9: 6, 8: 13, 7: 41, 6: 88, 5: 79, 4: 27, 3: 14, 2: 6, 1: 16}"
1496,10260,b'Fushigi no Kuni no Miyuki-chan',5.65,"['Comedy', 'Fantasy', 'Girls Love', 'Ecchi']",2,"12,123","{10: 201, 9: 228, 8: 503, 7: 1042, 6: 1392, 5: 1139, 4: 671, 3: 350, 2: 269, 1: 171}"
2065,10261,b'Gall Force: New Era',5.65,"['Action', 'Sci-Fi', 'Mecha', 'Military', 'Space']",2,"2,361","{10: 32, 9: 23, 8: 63, 7: 127, 6: 253, 5: 181, 4: 120, 3: 61, 2: 20, 1: 17}"
4147,10262,b'Gang-aji Ttong',5.65,"['Fantasy', 'Kids']",1,"3,174","{10: 146, 9: 53, 8: 116, 7: 221, 6: 244, 5: 243, 4: 155, 3: 110, 2: 85, 1: 103}"
28439,10263,b'Hatsune Miku x Tetsuya Nomura',5.65,['Music'],1,"3,675","{10: 133, 9: 93, 8: 136, 7: 240, 6: 401, 5: 435, 4: 173, 3: 103, 2: 98, 1: 104}"
18033,10264,b'Hello Kitty no Yuubinya-san Arigatou',5.65,"['Fantasy', 'Kids']",1,458,"{10: 10, 9: 3, 8: 8, 7: 22, 6: 26, 5: 17, 4: 12, 3: 10, 2: 10, 1: 6}"
7175,10265,b'Himitsukessha Taka no Tsume Countdown',5.65,"['Comedy', 'Parody', 'Super Power']",11,659,"{10: 9, 9: 4, 8: 12, 7: 14, 6: 29, 5: 24, 4: 15, 3: 7, 2: 11, 1: 24}"
51534,10251,b'Baraou no Souretsu Recap',5.65,"['Action', 'Drama', 'Supernatural', 'Historical', 'Shoujo']",1,"2,115","{10: 45, 9: 19, 8: 44, 7: 89, 6: 190, 5: 173, 4: 54, 3: 30, 2: 23, 1: 40}"
5469,10252,b'Birthday Boy',5.65,"['Action', 'Award Winning', 'Drama', 'Historical', 'Military']",1,"2,035","{10: 13, 9: 34, 8: 88, 7: 199, 6: 245, 5: 242, 4: 89, 3: 60, 2: 29, 1: 41}"
12157,10253,b'Busou Chuugakusei: Basket Army',5.65,"['Action', 'Military']",5,"6,488","{10: 51, 9: 88, 8: 175, 7: 484, 6: 572, 5: 568, 4: 272, 3: 176, 2: 79, 1: 54}"
36309,10254,b'Butlers: Chitose Momotose Monogatari',5.65,"['Drama', 'Supernatural', 'School', 'Time Travel']",12,"24,100","{10: 200, 9: 169, 8: 428, 7: 949, 6: 1329, 5: 1332, 4: 817, 3: 380, 2: 241, 1: 189}"
7273,10584,b'Nido to Mezamenu Komori Uta',5.55,"['Avant Garde', 'Drama']",1,"3,582","{10: 57, 9: 112, 8: 168, 7: 220, 6: 199, 5: 187, 4: 129, 3: 117, 2: 86, 1: 128}"
19305,10585,b'Nyuru Nyuru!! Kakusen-kun',5.55,['Comedy'],25,735,"{10: 11, 9: 4, 8: 8, 7: 7, 6: 21, 5: 32, 4: 13, 3: 9, 2: 9, 1: 23}"
51885,10586,"b'Pikachu, Pochama to Fushigi na Nendo'",5.55,['Kids'],1,400,"{10: 8, 9: 3, 8: 5, 7: 15, 6: 36, 5: 40, 4: 27, 3: 10, 2: 3, 1: 8}"
53861,10587,b'Ryuukyuu Timeline 2: Tedako no Machi Tanbou',5.55,"['Fantasy', 'Historical', 'Time Travel']",1,669,"{10: 4, 9: 2, 8: 9, 7: 31, 6: 48, 5: 63, 4: 32, 3: 6, 2: 8, 1: 5}"
9965,10588,b'Soukou Kyojin Z-Knight',5.55,['Mecha'],1,398,"{10: 7, 9: 1, 8: 6, 7: 10, 6: 17, 5: 33, 4: 13, 3: 7, 2: 4, 1: 11}"
2278,10589,b'Mahou Yuugi 3D',5.54,['Comedy'],1,"2,062","{10: 33, 9: 25, 8: 57, 7: 157, 6: 191, 5: 182, 4: 122, 3: 57, 2: 40, 1: 35}"
29765,10590,b'Metropolis (2009)',5.54,[],1,"1,041","{10: 21, 9: 11, 8: 39, 7: 43, 6: 48, 5: 65, 4: 26, 3: 22, 2: 17, 1: 19}"
9087,10591,b'Musha Knight Commando: SD Gundam Scramble',5.54,"['Action', 'Comedy', 'Fantasy', 'Mecha', 'Parody']",2,"1,952","{10: 27, 9: 11, 8: 22, 7: 64, 6: 130, 5: 100, 4: 36, 3: 21, 2: 22, 1: 23}"
53008,10592,b'Nengajou 2021: Mugen Shougatsu',5.54,"['Slice of Life', 'Music']",1,555,"{10: 10, 9: 2, 8: 12, 7: 25, 6: 43, 5: 76, 4: 20, 3: 10, 2: 5, 1: 5}"
33274,10593,b'Onara Gorou',5.54,"['Comedy', 'Gag Humor']",13,"14,309","{10: 1381, 9: 165, 8: 340, 7: 637, 6: 832, 5: 916, 4: 696, 3: 595, 2: 588, 1: 981}"
7273,10584,b'Nido to Mezamenu Komori Uta',5.55,"['Avant Garde', 'Drama']",1,"3,582","{10: 57, 9: 112, 8: 168, 7: 220, 6: 199, 5: 187, 4: 129, 3: 117, 2: 86, 1: 128}"
19305,10585,b'Nyuru Nyuru!! Kakusen-kun',5.55,['Comedy'],25,735,"{10: 11, 9: 4, 8: 8, 7: 7, 6: 21, 5: 32, 4: 13, 3: 9, 2: 9, 1: 23}"
51885,10586,"b'Pikachu, Pochama to Fushigi na Nendo'",5.55,['Kids'],1,400,"{10: 8, 9: 3, 8: 5, 7: 15, 6: 36, 5: 40, 4: 27, 3: 10, 2: 3, 1: 8}"
53861,10587,b'Ryuukyuu Timeline 2: Tedako no Machi Tanbou',5.55,"['Fantasy', 'Historical', 'Time Travel']",1,669,"{10: 4, 9: 2, 8: 9, 7: 31, 6: 48, 5: 63, 4: 32, 3: 6, 2: 8, 1: 5}"
9965,10588,b'Soukou Kyojin Z-Knight',5.55,['Mecha'],1,398,"{10: 7, 9: 1, 8: 6, 7: 10, 6: 17, 5: 33, 4: 13, 3: 7, 2: 4, 1: 11}"
2278,10589,b'Mahou Yuugi 3D',5.54,['Comedy'],1,"2,062","{10: 33, 9: 25, 8: 57, 7: 157, 6: 191, 5: 182, 4: 122, 3: 57, 2: 40, 1: 35}"
29765,10590,b'Metropolis (2009)',5.54,[],1,"1,041","{10: 21, 9: 11, 8: 39, 7: 43, 6: 48, 5: 65, 4: 26, 3: 22, 2: 17, 1: 19}"
9087,10591,b'Musha Knight Commando: SD Gundam Scramble',5.54,"['Action', 'Comedy', 'Fantasy', 'Mecha', 'Parody']",2,"1,952","{10: 27, 9: 11, 8: 22, 7: 64, 6: 130, 5: 100, 4: 36, 3: 21, 2: 22, 1: 23}"
53008,10592,b'Nengajou 2021: Mugen Shougatsu',5.54,"['Slice of Life', 'Music']",1,555,"{10: 10, 9: 2, 8: 12, 7: 25, 6: 43, 5: 76, 4: 20, 3: 10, 2: 5, 1: 5}"
33274,10593,b'Onara Gorou',5.54,"['Comedy', 'Gag Humor']",13,"14,309","{10: 1381, 9: 165, 8: 340, 7: 637, 6: 832, 5: 916, 4: 696, 3: 595, 2: 588, 1: 981}"
7273,10584,b'Nido to Mezamenu Komori Uta',5.55,"['Avant Garde', 'Drama']",1,"3,582","{10: 57, 9: 112, 8: 168, 7: 220, 6: 199, 5: 187, 4: 129, 3: 117, 2: 86, 1: 128}"
19305,10585,b'Nyuru Nyuru!! Kakusen-kun',5.55,['Comedy'],25,735,"{10: 11, 9: 4, 8: 8, 7: 7, 6: 21, 5: 32, 4: 13, 3: 9, 2: 9, 1: 23}"
51885,10586,"b'Pikachu, Pochama to Fushigi na Nendo'",5.55,['Kids'],1,400,"{10: 8, 9: 3, 8: 5, 7: 15, 6: 36, 5: 40, 4: 27, 3: 10, 2: 3, 1: 8}"
53861,10587,b'Ryuukyuu Timeline 2: Tedako no Machi Tanbou',5.55,"['Fantasy', 'Historical', 'Time Travel']",1,669,"{10: 4, 9: 2, 8: 9, 7: 31, 6: 48, 5: 63, 4: 32, 3: 6, 2: 8, 1: 5}"
9965,10588,b'Soukou Kyojin Z-Knight',5.55,['Mecha'],1,398,"{10: 7, 9: 1, 8: 6, 7: 10, 6: 17, 5: 33, 4: 13, 3: 7, 2: 4, 1: 11}"
2278,10589,b'Mahou Yuugi 3D',5.54,['Comedy'],1,"2,062","{10: 33, 9: 25, 8: 57, 7: 157, 6: 191, 5: 182, 4: 122, 3: 57, 2: 40, 1: 35}"
39629,11001,b'Megohime',5.41,"['Fantasy', 'Historical']",3,669,"{10: 4, 9: 3, 8: 2, 7: 16, 6: 28, 5: 39, 4: 20, 3: 9, 2: 8, 1: 7}"
17359,11002,b'Peeping Life: The Perfect Explosion',5.41,"['Comedy', 'Slice of Life']",10,599,"{10: 6, 9: 4, 8: 9, 7: 20, 6: 21, 5: 26, 4: 16, 3: 12, 2: 13, 1: 20}"
39629,11001,b'Megohime',5.41,"['Fantasy', 'Historical']",3,669,"{10: 4, 9: 3, 8: 2, 7: 16, 6: 28, 5: 39, 4: 20, 3: 9, 2: 8, 1: 7}"
17359,11002,b'Peeping Life: The Perfect Explosion',5.41,"['Comedy', 'Slice of Life']",10,599,"{10: 6, 9: 4, 8: 9, 7: 20, 6: 21, 5: 26, 4: 16, 3: 12, 2: 13, 1: 20}"
39629,11001,b'Megohime',5.41,"['Fantasy', 'Historical']",3,669,"{10: 4, 9: 3, 8: 2, 7: 16, 6: 28, 5: 39, 4: 20, 3: 9, 2: 8, 1: 7}"
18133,11101,b'Ikeike! Momon-chan',5.38,['Comedy'],15,891,"{10: 15, 9: 8, 8: 23, 7: 52, 6: 89, 5: 93, 4: 62, 3: 26, 2: 24, 1: 28}"
17843,11102,b'Inferno Cop: Fact Files',5.38,"['Action', 'Comedy', 'Detective']",12,"11,399","{10: 394, 9: 150, 8: 327, 7: 704, 6: 1144, 5: 1575, 4: 563, 3: 429, 2: 299, 1: 396}"
18133,11101,b'Ikeike! Momon-chan',5.38,['Comedy'],15,891,"{10: 15, 9: 8, 8: 23, 7: 52, 6: 89, 5: 93, 4: 62, 3: 26, 2: 24, 1: 28}"
17843,11102,b'Inferno Cop: Fact Files',5.38,"['Action', 'Comedy', 'Detective']",12,"11,399","{10: 394, 9: 150, 8: 327, 7: 704, 6: 1144, 5: 1575, 4: 563, 3: 429, 2: 299, 1: 396}"
18133,11101,b'Ikeike! Momon-chan',5.38,['Comedy'],15,891,"{10: 15, 9: 8, 8: 23, 7: 52, 6: 89, 5: 93, 4: 62, 3: 26, 2: 24, 1: 28}"
17843,11102,b'Inferno Cop: Fact Files',5.38,"['Action', 'Comedy', 'Detective']",12,"11,399","{10: 394, 9: 150, 8: 327, 7: 704, 6: 1144, 5: 1575, 4: 563, 3: 429, 2: 299, 1: 396}"
1031,12001,b'Hanare Toride no Yonna',4.92,"['Adventure', 'Fantasy']",1,"2,693","{10: 24, 9: 17, 8: 40, 7: 145, 6: 220, 5: 263, 4: 217, 3: 118, 2: 99, 1: 68}"
13795,12002,b'The Green Wind',4.92,['Fantasy'],1,836,"{10: 5, 9: 5, 8: 8, 7: 30, 6: 62, 5: 152, 4: 69, 3: 44, 2: 23, 1: 25}"
31624,12003,b'Tomato ni Natta Otokonoko',4.92,['Kids'],1,537,"{10: 10, 9: 1, 8: 6, 7: 21, 6: 51, 5: 74, 4: 38, 3: 42, 2: 18, 1: 18}"
30330,12004,b'Utsukushii Hoshi',4.92,['Avant Garde'],1,460,"{10: 7, 9: 1, 8: 3, 7: 19, 6: 39, 5: 57, 4: 29, 3: 28, 2: 23, 1: 15}"
29679,12005,b'Ki Renka',4.92,"['Drama', 'Mythology']",1,473,"{10: 5, 9: 3, 8: 6, 7: 14, 6: 19, 5: 49, 4: 35, 3: 21, 2: 20, 1: 17}"
28035,12006,b'Kitsune no Home Run Ou',4.92,"['Sports', 'Team Sports', 'Kids']",1,605,"{10: 12, 9: 3, 8: 7, 7: 15, 6: 30, 5: 86, 4: 47, 3: 22, 2: 21, 1: 18}"
6846,12007,b'Kuma ni Kuwarenu Otoko',4.92,"['Adventure', 'Music']",1,779,"{10: 7, 9: 7, 8: 11, 7: 25, 6: 63, 5: 118, 4: 69, 3: 41, 2: 30, 1: 24}"
51766,12008,b'Nanaraki: Seven Lucky Gods',4.92,['Comedy'],12,423,"{10: 7, 9: 1, 8: 4, 7: 14, 6: 25, 5: 28, 4: 29, 3: 23, 2: 23, 1: 15}"
1031,12001,b'Hanare Toride no Yonna',4.92,"['Adventure', 'Fantasy']",1,"2,693","{10: 24, 9: 17, 8: 40, 7: 145, 6: 220, 5: 263, 4: 217, 3: 118, 2: 99, 1: 68}"
13795,12002,b'The Green Wind',4.92,['Fantasy'],1,836,"{10: 5, 9: 5, 8: 8, 7: 30, 6: 62, 5: 152, 4: 69, 3: 44, 2: 23, 1: 25}"
31624,12003,b'Tomato ni Natta Otokonoko',4.92,['Kids'],1,537,"{10: 10, 9: 1, 8: 6, 7: 21, 6: 51, 5: 74, 4: 38, 3: 42, 2: 18, 1: 18}"
30330,12004,b'Utsukushii Hoshi',4.92,['Avant Garde'],1,460,"{10: 7, 9: 1, 8: 3, 7: 19, 6: 39, 5: 57, 4: 29, 3: 28, 2: 23, 1: 15}"
29679,12005,b'Ki Renka',4.92,"['Drama', 'Mythology']",1,473,"{10: 5, 9: 3, 8: 6, 7: 14, 6: 19, 5: 49, 4: 35, 3: 21, 2: 20, 1: 17}"
28035,12006,b'Kitsune no Home Run Ou',4.92,"['Sports', 'Team Sports', 'Kids']",1,605,"{10: 12, 9: 3, 8: 7, 7: 15, 6: 30, 5: 86, 4: 47, 3: 22, 2: 21, 1: 18}"
6846,12007,b'Kuma ni Kuwarenu Otoko',4.92,"['Adventure', 'Music']",1,779,"{10: 7, 9: 7, 8: 11, 7: 25, 6: 63, 5: 118, 4: 69, 3: 41, 2: 30, 1: 24}"
51766,12008,b'Nanaraki: Seven Lucky Gods',4.92,['Comedy'],12,423,"{10: 7, 9: 1, 8: 4, 7: 14, 6: 25, 5: 28, 4: 29, 3: 23, 2: 23, 1: 15}"
1031,12001,b'Hanare Toride no Yonna',4.92,"['Adventure', 'Fantasy']",1,"2,693","{10: 24, 9: 17, 8: 40, 7: 145, 6: 220, 5: 263, 4: 217, 3: 118, 2: 99, 1: 68}"
13795,12002,b'The Green Wind',4.92,['Fantasy'],1,836,"{10: 5, 9: 5, 8: 8, 7: 30, 6: 62, 5: 152, 4: 69, 3: 44, 2: 23, 1: 25}"
31624,12003,b'Tomato ni Natta Otokonoko',4.92,['Kids'],1,537,"{10: 10, 9: 1, 8: 6, 7: 21, 6: 51, 5: 74, 4: 38, 3: 42, 2: 18, 1: 18}"
30330,12004,b'Utsukushii Hoshi',4.92,['Avant Garde'],1,460,"{10: 7, 9: 1, 8: 3, 7: 19, 6: 39, 5: 57, 4: 29, 3: 28, 2: 23, 1: 15}"
29679,12005,b'Ki Renka',4.92,"['Drama', 'Mythology']",1,473,"{10: 5, 9: 3, 8: 6, 7: 14, 6: 19, 5: 49, 4: 35, 3: 21, 2: 20, 1: 17}"
28035,12006,b'Kitsune no Home Run Ou',4.92,"['Sports', 'Team Sports', 'Kids']",1,605,"{10: 12, 9: 3, 8: 7, 7: 15, 6: 30, 5: 86, 4: 47, 3: 22, 2: 21, 1: 18}"
6846,12007,b'Kuma ni Kuwarenu Otoko',4.92,"['Adventure', 'Music']",1,779,"{10: 7, 9: 7, 8: 11, 7: 25, 6: 63, 5: 118, 4: 69, 3: 41, 2: 30, 1: 24}"
51766,12008,b'Nanaraki: Seven Lucky Gods',4.92,['Comedy'],12,423,"{10: 7, 9: 1, 8: 4, 7: 14, 6: 25, 5: 28, 4: 29, 3: 23, 2: 23, 1: 15}"
1031,12001,b'Hanare Toride no Yonna',4.92,"['Adventure', 'Fantasy']",1,"2,693","{10: 24, 9: 17, 8: 40, 7: 145, 6: 220, 5: 263, 4: 217, 3: 118, 2: 99, 1: 68}"
13795,12002,b'The Green Wind',4.92,['Fantasy'],1,836,"{10: 5, 9: 5, 8: 8, 7: 30, 6: 62, 5: 152, 4: 69, 3: 44, 2: 23, 1: 25}"
31624,12003,b'Tomato ni Natta Otokonoko',4.92,['Kids'],1,537,"{10: 10, 9: 1, 8: 6, 7: 21, 6: 51, 5: 74, 4: 38, 3: 42, 2: 18, 1: 18}"
30330,12004,b'Utsukushii Hoshi',4.92,['Avant Garde'],1,460,"{10: 7, 9: 1, 8: 3, 7: 19, 6: 39, 5: 57, 4: 29, 3: 28, 2: 23, 1: 15}"
29679,12005,b'Ki Renka',4.92,"['Drama', 'Mythology']",1,473,"{10: 5, 9: 3, 8: 6, 7: 14, 6: 19, 5: 49, 4: 35, 3: 21, 2: 20, 1: 17}"
28035,12006,b'Kitsune no Home Run Ou',4.92,"['Sports', 'Team Sports', 'Kids']",1,605,"{10: 12, 9: 3, 8: 7, 7: 15, 6: 30, 5: 86, 4: 47, 3: 22, 2: 21, 1: 18}"
6846,12007,b'Kuma ni Kuwarenu Otoko',4.92,"['Adventure', 'Music']",1,779,"{10: 7, 9: 7, 8: 11, 7: 25, 6: 63, 5: 118, 4: 69, 3: 41, 2: 30, 1: 24}"
51766,12008,b'Nanaraki: Seven Lucky Gods',4.92,['Comedy'],12,423,"{10: 7, 9: 1, 8: 4, 7: 14, 6: 25, 5: 28, 4: 29, 3: 23, 2: 23, 1: 15}"
1031,12001,b'Hanare Toride no Yonna',4.92,"['Adventure', 'Fantasy']",1,"2,693","{10: 24, 9: 17, 8: 40, 7: 145, 6: 220, 5: 263, 4: 217, 3: 118, 2: 99, 1: 68}"
13795,12002,b'The Green Wind',4.92,['Fantasy'],1,836,"{10: 5, 9: 5, 8: 8, 7: 30, 6: 62, 5: 152, 4: 69, 3: 44, 2: 23, 1: 25}"
31624,12003,b'Tomato ni Natta Otokonoko',4.92,['Kids'],1,537,"{10: 10, 9: 1, 8: 6, 7: 21, 6: 51, 5: 74, 4: 38, 3: 42, 2: 18, 1: 18}"
30330,12004,b'Utsukushii Hoshi',4.92,['Avant Garde'],1,460,"{10: 7, 9: 1, 8: 3, 7: 19, 6: 39, 5: 57, 4: 29, 3: 28, 2: 23, 1: 15}"
29679,12005,b'Ki Renka',4.92,"['Drama', 'Mythology']",1,473,"{10: 5, 9: 3, 8: 6, 7: 14, 6: 19, 5: 49, 4: 35, 3: 21, 2: 20, 1: 17}"
28035,12006,b'Kitsune no Home Run Ou',4.92,"['Sports', 'Team Sports', 'Kids']",1,605,"{10: 12, 9: 3, 8: 7, 7: 15, 6: 30, 5: 86, 4: 47, 3: 22, 2: 21, 1: 18}"
6846,12007,b'Kuma ni Kuwarenu Otoko',4.92,"['Adventure', 'Music']",1,779,"{10: 7, 9: 7, 8: 11, 7: 25, 6: 63, 5: 118, 4: 69, 3: 41, 2: 30, 1: 24}"
51766,12008,b'Nanaraki: Seven Lucky Gods',4.92,['Comedy'],12,423,"{10: 7, 9: 1, 8: 4, 7: 14, 6: 25, 5: 28, 4: 29, 3: 23, 2: 23, 1: 15}"
31587,12011,b'Kojin Toshi',4.91,['Avant Garde'],1,486,"{10: 7, 9: 5, 8: 3, 7: 8, 6: 11, 5: 25, 4: 23, 3: 21, 2: 24, 1: 31}"
31587,12011,b'Kojin Toshi',4.91,['Avant Garde'],1,486,"{10: 7, 9: 5, 8: 3, 7: 8, 6: 11, 5: 25, 4: 23, 3: 21, 2: 24, 1: 31}"
31587,12011,b'Kojin Toshi',4.91,['Avant Garde'],1,486,"{10: 7, 9: 5, 8: 3, 7: 8, 6: 11, 5: 25, 4: 23, 3: 21, 2: 24, 1: 31}"
